benign,descriptors,malignant
2.96396396396,clump_thickness,7.18828451883
1.30630630631,size_uniformity,6.57740585774
1.41441441441,shape_uniformity,6.56066945607
1.34684684685,adhesion,5.58577405858
2.10810810811,cell_size,5.32635983264
1.34684684685,bare_nuclei,7.62761506276
2.08333333333,bland_chromatin,5.97489539749
1.26126126126,normal_nuclei,5.85774058577
1.06531531532,mitosis,2.60251046025
